team_id,club,tier,player_id,name,position,age,ovr,potential,source,est_salary_czk,est_demand_czk,est_value_czk
BCL-AEK,AEK,5,BCL-AEK-P1,Frank Bartley,SG,34,75,75,real,1600000,1400000,1250000
BCL-UNI,Unicaja,5,BCL-UNI-P1,Kendrick Perry,PG,35,75,78,real,1600000,1400000,1300000
BCL-RYT,Rytas,5,BCL-RYT-P1,Jerrick Harding,SG,30,74,76,real,1560000,1590000,2150000
BCL-RYT,Rytas,5,BCL-RYT-P2,Simonas Lukosius,PG,25,74,82,real,1560000,1510000,4800000
BCL-RYT,Rytas,5,BCL-RYT-P3,Arturas Gudaitis,C,38,70,73,real,1400000,1220000,1150000
BCL-ALB,Alba,4,BCL-ALB-P1,Martin Hermannsson,PG,32,69,70,real,1360000,1390000,1850000
BCL-WUE,Wurzburg,4,BCL-WUE-P1,Marcus Carr,PG,28,69,71,real,1360000,1320000,3100000
BCL-RYT,Rytas,5,BCL-RYT-P4,Derrick Walton Jr,PG,31,68,69,real,1320000,1340000,1800000
BCL-LLTF,Tenerife,4,BCL-LLTF-P4,Marcelo Huertas,PG,43,68,70,real,1320000,1150000,1050000
BCL-UNI,Unicaja,5,BCL-UNI-P4,Rodrigo San Miguel,PF,28,68,70,real,1320000,1280000,3000000
BCL-AEK,AEK,5,BCL-AEK-P2,Matt Thomas,SG,32,67,68,real,1280000,1300000,1700000
BCL-AEK,AEK,5,BCL-AEK-P4,Nikos Pappas,SG,36,67,71,real,1280000,1120000,1050000
BCL-ELAN,Chalon,4,BCL-ELAN-P2,William McDowell-White,PG,28,67,70,real,1280000,1240000,3000000
BCL-GSM,Gran Canaria,4,BCL-GSM-P3,Nicolas Brussino,SF,33,67,67,real,1280000,1120000,1000000
BCL-HOL,Holon,4,BCL-HOL-P2,Chris Johnson,C,36,67,67,real,1280000,1120000,1000000
BCL-HOL,Holon,4,BCL-HOL-P1,Derrick Walton Jr,PG,31,67,67,real,1280000,1300000,1700000
BCL-MSB,MSB,4,BCL-MSB-P2,Wilfried Yeguete,PF,34,67,70,real,1280000,1120000,1050000
BCL-UNI,Unicaja,5,BCL-UNI-P3,Augusto Cushing,SF,29,67,71,real,1280000,1240000,3050000
BCL-AEK,AEK,5,BCL-AEK-P3,Ioannis Dimakopoulos,C,34,66,70,real,1240000,1080000,1050000
BCL-RYT,Rytas,5,BCL-RYT-P6,Arnas Butkevicius,PF,34,66,68,real,1240000,1080000,1000000
BCL-RYT,Rytas,5,BCL-RYT-P5,Evaldas Uoga,SF,35,66,68,real,1240000,1080000,1000000
BCL-TOF,Tofas,4,BCL-TOF-P2,Kenny Chery,PG,35,66,70,real,1240000,1080000,1050000
BCL-UNI,Unicaja,5,BCL-UNI-P5,Carlos Suarez,PF,40,66,69,real,1240000,1080000,1000000
BCL-UNI,Unicaja,5,BCL-UNI-P2,David Muse,SG,28,66,69,real,1240000,1200000,2900000
BCL-WUE,Wurzburg,4,BCL-WUE-P3,Eugene German,SG,29,66,68,real,1240000,1200000,2850000
BCL-ALB,Alba,4,BCL-ALB-P4,Luke Selvidge,C,28,65,66,real,1200000,1160000,2700000
BCL-ALB,Alba,4,BCL-ALB-P3,Malte Delow,SF,25,65,76,real,1200000,1160000,3850000
BCL-ELAN,Chalon,4,BCL-ELAN-P1,Matheo Leray,PG,26,65,68,real,1200000,1160000,3350000
BCL-GSM,Gran Canaria,4,BCL-GSM-P2,Kyle Alexander,C,30,65,69,real,1200000,1220000,1700000
BCL-MSB,MSB,4,BCL-MSB-P1,Lucas Dufeal,C,28,65,65,real,1200000,1160000,2650000
BCL-LLTF,Tenerife,4,BCL-LLTF-P2,Aaron White,PF,34,65,68,real,1200000,1050000,1000000
BCL-TOF,Tofas,4,BCL-TOF-P1,Marek Blazevic,PF,31,65,66,real,1200000,1220000,1600000
BCL-AEK,AEK,5,BCL-AEK-P5,Vassilis Charalampopoulos,PF,29,64,66,real,1160000,1130000,2650000
BCL-ALB,Alba,4,BCL-ALB-P2,Johannes Thiemann,PF,32,64,67,real,1160000,1180000,1600000
BCL-GSM,Gran Canaria,4,BCL-GSM-P1,Frederick Gillespie,C,31,64,66,real,1160000,1180000,1600000
BCL-LLTF,Tenerife,4,BCL-LLTF-P3,Giorgi Shermadini,C,37,64,67,real,1160000,1010000,950000
BCL-LLTF,Tenerife,4,BCL-LLTF-P1,Marek Blazevic,PF,31,64,68,real,1160000,1180000,1650000
BCL-OLAJ,Szolnok,3,BCL-OLAJ-P1,Brady Skeens,C,28,63,65,real,1120000,1090000,2550000
BCL-WUE,Wurzburg,4,BCL-WUE-P2,Brendan Paul,C,26,63,63,real,1120000,1090000,2950000
BCL-GAL,Galatasaray,3,BCL-GAL-P1,Derrick Phelps,PG,34,61,64,real,1040000,910000,850000
BCL-HEI,Heidelberg,3,BCL-HEI-P1,Jaleen Smith,PG,31,61,63,real,1040000,1060000,1450000
BCL-LEG,Legia,3,BCL-LEG-P1,A.J. Slaughter,SG,38,61,65,real,1040000,910000,850000
BCL-OOS,Oostende,3,BCL-OOS-P1,Tyler Ennis,PG,32,60,63,real,1000000,1020000,1400000
BCL-CHO,Cholet,3,BCL-CHO-P1,William Buford,SG,36,59,61,real,960000,840000,750000
BCL-KARD,Karditsa,3,BCL-KARD-P1,Vangelis Mantzaris,SG,35,58,60,real,920000,800000,750000
BCL-FRI,Fribourg,2,BCL-FRI-Y7,Tomáš Jelínek,PG,17,49,75,generated,560000,490000,2800000
BCL-PORT,Porto,2,BCL-PORT-Y6,Jaroslav Král,PG,19,49,73,generated,560000,490000,2750000
BCL-BAK,Bakken,2,BCL-BAK-Y12,Petr Polák,PG,18,48,60,generated,520000,450000,2150000
BCL-BEN,Benfica,3,BCL-BEN-Y10,Stanislav Polák,PG,19,48,61,generated,520000,450000,2150000
BCL-DEN,Den Bosch,2,BCL-DEN-Y3,Štěpán Hájek,SF,20,48,72,generated,520000,450000,2550000
BCL-FAL,Falco,2,BCL-FAL-Y1,Jakub Vlček,PG,18,48,58,generated,520000,450000,2050000
BCL-HER,Herzliya,3,BCL-HER-Y8,Václav Vacek,PG,17,48,73,generated,520000,450000,2550000
BCL-JOV,Joventut,3,BCL-JOV-Y6,Cyril Horák,PG,19,48,63,generated,520000,450000,2250000
BCL-KAL,Kalev,2,BCL-KAL-Y1,Cyril Kolář,PG,18,48,63,generated,520000,450000,2250000
BCL-KUT,Kutaisi,2,BCL-KUT-Y7,Dominik Moravec,PG,18,48,62,generated,520000,450000,2200000
BCL-KUT,Kutaisi,2,BCL-KUT-Y6,Václav Kadlec,PG,19,48,70,generated,520000,450000,2450000
BCL-MSK,MKS,2,BCL-MSK-Y1,Dan Sýkora,PG,19,48,62,generated,520000,450000,2200000
BCL-TOF,Tofas,4,BCL-TOF-Y8,Jaroslav Růžička,PG,19,48,63,generated,520000,450000,2250000
BCL-TOF,Tofas,4,BCL-TOF-Y1,Jaroslav Sedláček,SG,18,48,65,generated,520000,450000,2300000
BCL-ANT,Antwerp,2,BCL-ANT-Y12,Hynek Beneš,SG,17,47,64,generated,480000,420000,2100000
BCL-ANT,Antwerp,2,BCL-ANT-Y1,Pavel Zeman,PG,19,47,64,generated,480000,420000,2100000
BCL-ANT,Antwerp,2,BCL-ANT-Y11,Tadeáš Pospíšil,PG,18,47,60,generated,480000,420000,2000000
BCL-BAK,Bakken,2,BCL-BAK-Y1,Šimon Kolář,PG,20,47,64,generated,480000,420000,2100000
BCL-BAK,Bakken,2,BCL-BAK-Y11,Viktor Kolář,PG,17,47,59,generated,480000,420000,1950000
BCL-BEN,Benfica,3,BCL-BEN-Y11,Václav Kříž,PG,20,47,72,generated,480000,420000,2400000
BCL-BEN,Benfica,3,BCL-BEN-Y1,Vít Fiala,PG,20,47,60,generated,480000,420000,2000000
BCL-BRA,Braunschweig,2,BCL-BRA-Y7,František Veselý,SG,19,47,74,generated,480000,420000,2450000
BCL-BRA,Braunschweig,2,BCL-BRA-Y1,Matěj Beneš,PG,17,47,71,generated,480000,420000,2350000
BCL-ELAN,Chalon,4,BCL-ELAN-Y7,Vojtěch Kříž,PG,19,47,62,generated,480000,420000,2050000
BCL-DEN,Den Bosch,2,BCL-DEN-Y6,Bohumil Čermák,PG,20,47,70,generated,480000,420000,2300000
BCL-DEN,Den Bosch,2,BCL-DEN-Y9,Kamil Machala,PG,18,47,65,generated,480000,420000,2150000
BCL-DEN,Den Bosch,2,BCL-DEN-Y12,Libor Konečný,SF,20,47,68,generated,480000,420000,2250000
BCL-DEN,Den Bosch,2,BCL-DEN-Y11,Petr Blažek,PG,17,47,61,generated,480000,420000,2050000
BCL-FAL,Falco,2,BCL-FAL-Y6,Michal Kovář,SG,17,47,59,generated,480000,420000,1950000
BCL-FRI,Fribourg,2,BCL-FRI-Y1,František Vaněk,PG,20,47,66,generated,480000,420000,2200000
BCL-GAL,Galatasaray,3,BCL-GAL-Y5,Jakub Pospíšil,SG,18,47,59,generated,480000,420000,1950000
BCL-GSM,Gran Canaria,4,BCL-GSM-Y7,Michal Marek,C,19,47,64,generated,480000,420000,2100000
BCL-GSM,Gran Canaria,4,BCL-GSM-Y4,Stanislav Sedláček,PG,20,47,60,generated,480000,420000,2000000
BCL-HEI,Heidelberg,3,BCL-HEI-Y5,David Klíma,PG,18,47,72,generated,480000,420000,2400000
BCL-HER,Herzliya,3,BCL-HER-Y1,Matěj Marek,PG,18,47,61,generated,480000,420000,2050000
BCL-IGO,Igokea,3,BCL-IGO-Y11,Cyril Sedláček,SF,18,47,70,generated,480000,420000,2300000
BCL-IGO,Igokea,3,BCL-IGO-Y6,Viktor Malý,PG,18,47,68,generated,480000,420000,2250000
BCL-IGO,Igokea,3,BCL-IGO-Y10,Vít Kříž,PG,20,47,71,generated,480000,420000,2350000
BCL-JOV,Joventut,3,BCL-JOV-Y9,Dušan Toman,SG,18,47,61,generated,480000,420000,2050000
BCL-JOV,Joventut,3,BCL-JOV-Y1,Emil Musil,PG,17,47,67,generated,480000,420000,2200000
BCL-JUV,Juventus,2,BCL-JUV-Y1,Patrik Doležal,PG,20,47,76,generated,480000,420000,2500000
BCL-KAL,Kalev,2,BCL-KAL-Y3,Stanislav Musil,SF,18,47,70,generated,480000,420000,2300000
BCL-KAL,Kalev,2,BCL-KAL-Y2,Tadeáš Němec,SG,17,47,76,generated,480000,420000,2500000
BCL-KUT,Kutaisi,2,BCL-KUT-Y1,Dominik Toman,PG,19,47,75,generated,480000,420000,2450000
BCL-KUT,Kutaisi,2,BCL-KUT-Y8,Jan Matoušek,SG,19,47,63,generated,480000,420000,2100000
BCL-LAR,Larnaca,2,BCL-LAR-Y1,Jakub Novák,PG,18,47,61,generated,480000,420000,2050000
BCL-LAR,Larnaca,2,BCL-LAR-Y6,Radek Musil,PG,19,47,67,generated,480000,420000,2200000
BCL-LAR,Larnaca,2,BCL-LAR-Y9,Vladimír Beneš,PF,18,47,72,generated,480000,420000,2400000
BCL-LMS,Le Mans,3,BCL-LMS-Y3,Hynek Toman,SF,19,47,60,generated,480000,420000,2000000
BCL-LMS,Le Mans,3,BCL-LMS-Y10,Zdeněk Navrátil,SG,20,47,74,generated,480000,420000,2450000
BCL-LEG,Legia,3,BCL-LEG-Y5,Josef Novák,SF,18,47,68,generated,480000,420000,2250000
BCL-LEV,Levski,2,BCL-LEV-Y1,Vojtěch Novák,PG,20,47,75,generated,480000,420000,2450000
BCL-LUB,Lublin,2,BCL-LUB-Y8,Kryštof Pokorný,PG,17,47,65,generated,480000,420000,2150000
BCL-LUB,Lublin,2,BCL-LUB-Y12,Miroslav Kolář,SG,20,47,67,generated,480000,420000,2200000
BCL-LUB,Lublin,2,BCL-LUB-Y1,Pavel Mareš,PG,17,47,72,generated,480000,420000,2400000
BCL-LUB,Lublin,2,BCL-LUB-Y7,Vladimír Černý,PG,18,47,76,generated,480000,420000,2500000
BCL-MER,Mersin,3,BCL-MER-Y8,Miroslav Svoboda,PG,19,47,66,generated,480000,420000,2200000
BCL-MUR,Murcia,2,BCL-MUR-Y1,Josef Štěpánek,PG,18,47,57,generated,480000,420000,1900000
BCL-ORAD,Oradea,2,BCL-ORAD-Y9,Tomáš Zeman,PG,20,47,62,generated,480000,420000,2050000
BCL-PAOK,PAOK,2,BCL-PAOK-Y11,Stanislav Toman,PG,18,47,62,generated,480000,420000,2050000
BCL-PAOK,PAOK,2,BCL-PAOK-Y1,Zdeněk Hruška,PG,18,47,75,generated,480000,420000,2450000
BCL-PORT,Porto,2,BCL-PORT-Y3,Roman Marek,SF,20,47,77,generated,480000,420000,2550000
BCL-PRO,Promitheas,3,BCL-PRO-Y9,Roman Zeman,PG,17,47,73,generated,480000,420000,2400000
BCL-REG,Reggiana,2,BCL-REG-Y8,Ondřej Beneš,SG,18,47,69,generated,480000,420000,2300000
BCL-REG,Reggiana,2,BCL-REG-Y10,Patrik Černý,PG,18,47,69,generated,480000,420000,2300000
BCL-RIL,Rilski,2,BCL-RIL-Y12,Radek Zeman,C,18,47,62,generated,480000,420000,2050000
BCL-RYT,Rytas,5,BCL-RYT-Y1,Vojtěch Čermák,SF,19,47,70,generated,480000,420000,2300000
BCL-SPA,Spartak,3,BCL-SPA-Y6,Michal Vacek,PG,17,47,61,generated,480000,420000,2050000
BCL-OLAJ,Szolnok,3,BCL-OLAJ-Y2,Tomáš Blažek,SG,17,47,66,generated,480000,420000,2200000
BCL-LLTF,Tenerife,4,BCL-LLTF-Y3,Antonín Šťastný,SF,17,47,70,generated,480000,420000,2300000
BCL-TOF,Tofas,4,BCL-TOF-Y10,Ondřej Kučera,PG,17,47,68,generated,480000,420000,2250000
BCL-TRE,Trepça,2,BCL-TRE-Y1,Aleš Dvořák,PG,20,47,67,generated,480000,420000,2200000
BCL-TRI,Trieste,3,BCL-TRI-Y1,Aleš Vacek,PG,20,47,65,generated,480000,420000,2150000
BCL-TRI,Trieste,3,BCL-TRI-Y2,Kamil Fiala,SG,20,47,77,generated,480000,420000,2550000
BCL-UNI,Unicaja,5,BCL-UNI-Y7,Bohumil Hruška,PG,17,47,60,generated,480000,420000,2000000
BCL-WUE,Wurzburg,4,BCL-WUE-Y5,František Sedláček,SG,18,47,76,generated,480000,420000,2500000
BCL-WUE,Wurzburg,4,BCL-WUE-Y8,Karel Matoušek,PG,20,47,77,generated,480000,420000,2550000
BCL-AEK,AEK,5,BCL-AEK-Y7,Karel Sýkora,PF,17,46,59,generated,440000,380000,1850000
BCL-AEK,AEK,5,BCL-AEK-Y1,Libor Procházka,PG,18,46,61,generated,440000,380000,1900000
BCL-AEK,AEK,5,BCL-AEK-Y3,Vojtěch Toman,SF,17,46,60,generated,440000,380000,1850000
BCL-ALB,Alba,4,BCL-ALB-Y2,Lukáš Čermák,SG,19,46,76,generated,440000,380000,2300000
BCL-ALB,Alba,4,BCL-ALB-Y3,Matyáš Jelínek,SF,17,46,56,generated,440000,380000,1750000
BCL-ALB,Alba,4,BCL-ALB-Y7,Miroslav Vacek,SF,19,46,67,generated,440000,380000,2050000
BCL-ANT,Antwerp,2,BCL-ANT-Y8,Jan Šulc,SG,19,46,74,generated,440000,380000,2250000
BCL-BAK,Bakken,2,BCL-BAK-Y8,Viktor Novotný,C,17,46,73,generated,440000,380000,2250000
BCL-BAK,Bakken,2,BCL-BAK-Y9,Vojtěch Doležal,SF,18,46,57,generated,440000,380000,1750000
BCL-BEN,Benfica,3,BCL-BEN-Y12,Cyril Šulc,C,18,46,68,generated,440000,380000,2100000
BCL-BEN,Benfica,3,BCL-BEN-Y9,Dominik Zeman,SF,18,46,71,generated,440000,380000,2200000
BCL-BEN,Benfica,3,BCL-BEN-Y5,Libor Navrátil,C,19,46,61,generated,440000,380000,1900000
BCL-BEN,Benfica,3,BCL-BEN-Y3,Miroslav Šťastný,SF,20,46,74,generated,440000,380000,2250000
BCL-BEN,Benfica,3,BCL-BEN-Y2,Stanislav Šťastný,SG,20,46,71,generated,440000,380000,2200000
BCL-BRA,Braunschweig,2,BCL-BRA-Y2,Ladislav Král,SG,20,46,58,generated,440000,380000,1800000
BCL-BRA,Braunschweig,2,BCL-BRA-Y11,Viktor Sedláček,SG,17,46,59,generated,440000,380000,1850000
BCL-BRA,Braunschweig,2,BCL-BRA-Y12,Viktor Vávra,SF,20,46,69,generated,440000,380000,2100000
BCL-BRA,Braunschweig,2,BCL-BRA-Y4,Vladimír Musil,PF,18,46,76,generated,440000,380000,2300000
BCL-ELAN,Chalon,4,BCL-ELAN-Y1,Antonín Fiala,SG,17,46,70,generated,440000,380000,2150000
BCL-ELAN,Chalon,4,BCL-ELAN-Y6,Pavel Šulc,SF,19,46,58,generated,440000,380000,1800000
BCL-ELAN,Chalon,4,BCL-ELAN-Y8,Václav Marek,SF,19,46,58,generated,440000,380000,1800000
BCL-CHO,Cholet,3,BCL-CHO-Y3,Marek Štěpánek,PF,17,46,60,generated,440000,380000,1850000
BCL-CHO,Cholet,3,BCL-CHO-Y8,Martin Dostál,SG,17,46,74,generated,440000,380000,2250000
BCL-CHO,Cholet,3,BCL-CHO-Y5,Miroslav Říha,SF,17,46,56,generated,440000,380000,1750000
BCL-CHO,Cholet,3,BCL-CHO-Y10,Pavel Moravec,PG,20,46,66,generated,440000,380000,2050000
BCL-CHO,Cholet,3,BCL-CHO-Y2,Petr Musil,SF,18,46,72,generated,440000,380000,2200000
BCL-DEN,Den Bosch,2,BCL-DEN-Y1,Petr Štěpánek,PG,17,46,76,generated,440000,380000,2300000
BCL-DEN,Den Bosch,2,BCL-DEN-Y7,Viktor Král,SF,18,46,56,generated,440000,380000,1750000
BCL-DER,Derby,2,BCL-DER-Y10,Bohumil Kovář,SG,19,46,62,generated,440000,380000,1900000
BCL-DER,Derby,2,BCL-DER-Y6,František Kučera,PG,20,46,70,generated,440000,380000,2150000
BCL-DER,Derby,2,BCL-DER-Y1,Marek Procházka,PG,20,46,62,generated,440000,380000,1900000
BCL-DER,Derby,2,BCL-DER-Y12,Šimon Kratochvíl,PG,18,46,76,generated,440000,380000,2300000
BCL-FAL,Falco,2,BCL-FAL-Y8,Kryštof Malý,SG,20,46,69,generated,440000,380000,2100000
BCL-FAL,Falco,2,BCL-FAL-Y4,Kryštof Soukup,PF,18,46,71,generated,440000,380000,2200000
BCL-FAL,Falco,2,BCL-FAL-Y10,Ladislav Tichý,C,17,46,57,generated,440000,380000,1750000
BCL-FRI,Fribourg,2,BCL-FRI-Y11,Adam Sedláček,SG,19,46,56,generated,440000,380000,1750000
BCL-FRI,Fribourg,2,BCL-FRI-Y12,Ivan Černý,SG,18,46,56,generated,440000,380000,1750000
BCL-GSM,Gran Canaria,4,BCL-GSM-Y2,Karel Šťastný,SG,20,46,63,generated,440000,380000,1950000
BCL-GSM,Gran Canaria,4,BCL-GSM-Y1,Václav Zeman,PG,19,46,62,generated,440000,380000,1900000
BCL-HEI,Heidelberg,3,BCL-HEI-Y2,Pavel Machala,SF,17,46,62,generated,440000,380000,1900000
BCL-HER,Herzliya,3,BCL-HER-Y11,Jan Kovář,SG,17,46,76,generated,440000,380000,2300000
BCL-HER,Herzliya,3,BCL-HER-Y12,Lukáš Říha,PG,18,46,67,generated,440000,380000,2050000
BCL-HER,Herzliya,3,BCL-HER-Y2,Michal Novotný,SG,17,46,62,generated,440000,380000,1900000
BCL-HOL,Holon,4,BCL-HOL-Y6,Miroslav Kovář,PG,18,46,71,generated,440000,380000,2200000
BCL-HOL,Holon,4,BCL-HOL-Y5,Richard Malý,SG,20,46,70,generated,440000,380000,2150000
BCL-IGO,Igokea,3,BCL-IGO-Y1,Michal Kadlec,PG,19,46,70,generated,440000,380000,2150000
BCL-JOV,Joventut,3,BCL-JOV-Y8,Jiří Tichý,SF,19,46,67,generated,440000,380000,2050000
BCL-JUV,Juventus,2,BCL-JUV-Y11,Vít Veselý,PG,17,46,71,generated,440000,380000,2200000
BCL-JUV,Juventus,2,BCL-JUV-Y6,Vojtěch Novotný,PG,18,46,63,generated,440000,380000,1950000
BCL-JUV,Juventus,2,BCL-JUV-Y7,Vojtěch Šulc,C,20,46,71,generated,440000,380000,2200000
BCL-JUV,Juventus,2,BCL-JUV-Y12,Zdeněk Říha,PG,18,46,62,generated,440000,380000,1900000
BCL-KAL,Kalev,2,BCL-KAL-Y12,Filip Kovář,SF,17,46,56,generated,440000,380000,1750000
BCL-KAL,Kalev,2,BCL-KAL-Y7,Roman Urban,PG,18,46,65,generated,440000,380000,2000000
BCL-KARD,Karditsa,3,BCL-KARD-Y1,Šimon Pospíšil,PG,20,46,73,generated,440000,380000,2250000
BCL-KUT,Kutaisi,2,BCL-KUT-Y2,Aleš Moravec,SG,20,46,58,generated,440000,380000,1800000
BCL-KUT,Kutaisi,2,BCL-KUT-Y11,Bohumil Říha,PG,19,46,59,generated,440000,380000,1850000
BCL-KUT,Kutaisi,2,BCL-KUT-Y3,Cyril Dvořák,SF,19,46,60,generated,440000,380000,1850000
BCL-KUT,Kutaisi,2,BCL-KUT-Y4,Stanislav Kolář,PF,17,46,75,generated,440000,380000,2300000
BCL-LAR,Larnaca,2,BCL-LAR-Y2,Vojtěch Vacek,SG,20,46,66,generated,440000,380000,2050000
BCL-LMS,Le Mans,3,BCL-LMS-Y1,Jan Vlček,PG,18,46,68,generated,440000,380000,2100000
BCL-LMS,Le Mans,3,BCL-LMS-Y6,Ondřej Vacek,SG,19,46,69,generated,440000,380000,2100000
BCL-LMS,Le Mans,3,BCL-LMS-Y2,Tomáš Hruška,SG,19,46,56,generated,440000,380000,1750000
BCL-LEG,Legia,3,BCL-LEG-Y8,Emil Král,PG,20,46,67,generated,440000,380000,2050000
BCL-LEG,Legia,3,BCL-LEG-Y7,Vít Šťastný,PG,19,46,59,generated,440000,380000,1850000
BCL-LEV,Levski,2,BCL-LEV-Y2,Emil Tichý,SG,20,46,68,generated,440000,380000,2100000
BCL-LEV,Levski,2,BCL-LEV-Y7,Jaroslav Sýkora,PG,19,46,56,generated,440000,380000,1750000
BCL-LEV,Levski,2,BCL-LEV-Y11,Libor Kopecký,PG,17,46,62,generated,440000,380000,1900000
BCL-LEV,Levski,2,BCL-LEV-Y3,Radek Doležal,SF,18,46,72,generated,440000,380000,2200000
BCL-LEV,Levski,2,BCL-LEV-Y8,Šimon Kříž,PG,20,46,75,generated,440000,380000,2300000
BCL-LEV,Levski,2,BCL-LEV-Y9,Stanislav Vaněk,SF,20,46,58,generated,440000,380000,1800000
BCL-LUB,Lublin,2,BCL-LUB-Y9,Dan Fiala,SF,17,46,65,generated,440000,380000,2000000
BCL-LUB,Lublin,2,BCL-LUB-Y2,Dušan Tichý,SG,20,46,73,generated,440000,380000,2250000
BCL-LUB,Lublin,2,BCL-LUB-Y3,Patrik Beneš,SF,19,46,57,generated,440000,380000,1750000
BCL-MER,Mersin,3,BCL-MER-Y7,Milan Tichý,SG,18,46,64,generated,440000,380000,1950000
BCL-MER,Mersin,3,BCL-MER-Y6,Tadeáš Tichý,SG,19,46,57,generated,440000,380000,1750000
BCL-MER,Mersin,3,BCL-MER-Y12,Vladimír Svoboda,PG,20,46,73,generated,440000,380000,2250000
BCL-MSK,MKS,2,BCL-MSK-Y9,Emil Konečný,PG,20,46,72,generated,440000,380000,2200000
BCL-MSB,MSB,4,BCL-MSB-Y1,Dominik Soukup,PG,19,46,71,generated,440000,380000,2200000
BCL-MSB,MSB,4,BCL-MSB-Y2,Dušan Štěpánek,SG,19,46,62,generated,440000,380000,1900000
BCL-MSB,MSB,4,BCL-MSB-Y4,Matyáš Urban,SF,17,46,60,generated,440000,380000,1850000
BCL-MUR,Murcia,2,BCL-MUR-Y4,David Zeman,PF,19,46,58,generated,440000,380000,1800000
BCL-MUR,Murcia,2,BCL-MUR-Y7,Hynek Říha,PF,19,46,61,generated,440000,380000,1900000
BCL-MUR,Murcia,2,BCL-MUR-Y2,Jakub Šťastný,SG,20,46,72,generated,440000,380000,2200000
BCL-MUR,Murcia,2,BCL-MUR-Y10,Jaroslav Šulc,PG,17,46,71,generated,440000,380000,2200000
BCL-MUR,Murcia,2,BCL-MUR-Y12,Richard Hruška,PG,19,46,66,generated,440000,380000,2050000
BCL-OOS,Oostende,3,BCL-OOS-Y7,Adam Pospíšil,SF,20,46,75,generated,440000,380000,2300000
BCL-OOS,Oostende,3,BCL-OOS-Y9,Jiří Novotný,PG,19,46,64,generated,440000,380000,1950000
BCL-OOS,Oostende,3,BCL-OOS-Y6,Michal Malý,PG,20,46,68,generated,440000,380000,2100000
BCL-OOS,Oostende,3,BCL-OOS-Y3,Miroslav Růžička,PF,20,46,57,generated,440000,380000,1750000
BCL-OOS,Oostende,3,BCL-OOS-Y4,Viktor Toman,C,18,46,75,generated,440000,380000,2300000
BCL-OOS,Oostende,3,BCL-OOS-Y1,Vít Černý,SG,20,46,76,generated,440000,380000,2300000
BCL-ORAD,Oradea,2,BCL-ORAD-Y10,Jiří Machala,PF,18,46,62,generated,440000,380000,1900000
BCL-ORAD,Oradea,2,BCL-ORAD-Y3,Jiří Šulc,SF,18,46,69,generated,440000,380000,2100000
BCL-ORAD,Oradea,2,BCL-ORAD-Y5,Josef Vaněk,C,20,46,65,generated,440000,380000,2000000
BCL-ORAD,Oradea,2,BCL-ORAD-Y6,Richard Hájek,SF,19,46,56,generated,440000,380000,1750000
BCL-PAOK,PAOK,2,BCL-PAOK-Y9,Filip Šulc,PG,20,46,57,generated,440000,380000,1750000
BCL-PAOK,PAOK,2,BCL-PAOK-Y8,Vít Blažek,SG,19,46,64,generated,440000,380000,1950000
BCL-PAOK,PAOK,2,BCL-PAOK-Y12,Vladimír Blažek,SG,19,46,74,generated,440000,380000,2250000
BCL-PORT,Porto,2,BCL-PORT-Y10,Adam Musil,PF,17,46,67,generated,440000,380000,2050000
BCL-PORT,Porto,2,BCL-PORT-Y2,Matěj Staněk,SG,18,46,56,generated,440000,380000,1750000
BCL-PRO,Promitheas,3,BCL-PRO-Y3,Aleš Novák,SF,18,46,59,generated,440000,380000,1850000
BCL-PRO,Promitheas,3,BCL-PRO-Y4,Karel Král,PF,18,46,68,generated,440000,380000,2100000
BCL-PRO,Promitheas,3,BCL-PRO-Y1,Marek Tichý,PG,18,46,63,generated,440000,380000,1950000
BCL-PRO,Promitheas,3,BCL-PRO-Y8,Ondřej Polák,SF,19,46,57,generated,440000,380000,1750000
BCL-PRO,Promitheas,3,BCL-PRO-Y12,Pavel Sedláček,PG,19,46,60,generated,440000,380000,1850000
BCL-PRO,Promitheas,3,BCL-PRO-Y7,Tomáš Veselý,PF,18,46,59,generated,440000,380000,1850000
BCL-PRO,Promitheas,3,BCL-PRO-Y2,Vladimír Hruška,SG,20,46,68,generated,440000,380000,2100000
BCL-PRO,Promitheas,3,BCL-PRO-Y11,Vladimír Šimek,PG,17,46,75,generated,440000,380000,2300000
BCL-REG,Reggiana,2,BCL-REG-Y9,Michal Pospíšil,C,20,46,76,generated,440000,380000,2300000
BCL-REG,Reggiana,2,BCL-REG-Y7,Vít Musil,SG,18,46,62,generated,440000,380000,1900000
BCL-RIL,Rilski,2,BCL-RIL-Y10,Antonín Král,SG,17,46,72,generated,440000,380000,2200000
BCL-RIL,Rilski,2,BCL-RIL-Y3,Jiří Kolář,SF,18,46,73,generated,440000,380000,2250000
BCL-RIL,Rilski,2,BCL-RIL-Y8,Jiří Malý,SF,19,46,59,generated,440000,380000,1850000
BCL-RIL,Rilski,2,BCL-RIL-Y1,Milan Šimek,PG,20,46,60,generated,440000,380000,1850000
BCL-RIL,Rilski,2,BCL-RIL-Y6,Šimon Zeman,SG,18,46,65,generated,440000,380000,2000000
BCL-RIL,Rilski,2,BCL-RIL-Y9,Štěpán Kadlec,PF,20,46,56,generated,440000,380000,1750000
BCL-RIL,Rilski,2,BCL-RIL-Y2,Štěpán Machala,SG,17,46,56,generated,440000,380000,1750000
BCL-RYT,Rytas,5,BCL-RYT-Y4,Matěj Černý,SG,18,46,57,generated,440000,380000,1750000
BCL-SAB,Sabah,3,BCL-SAB-Y3,Bohumil Horák,SF,20,46,76,generated,440000,380000,2300000
BCL-SAB,Sabah,3,BCL-SAB-Y4,Dominik Bláha,PF,18,46,74,generated,440000,380000,2250000
BCL-SAB,Sabah,3,BCL-SAB-Y9,Václav Pospíšil,SG,17,46,73,generated,440000,380000,2250000
BCL-SPA,Spartak,3,BCL-SPA-Y1,Josef Čermák,PG,20,46,74,generated,440000,380000,2250000
BCL-SPA,Spartak,3,BCL-SPA-Y3,Kryštof Němec,SF,20,46,63,generated,440000,380000,1950000
BCL-SPA,Spartak,3,BCL-SPA-Y10,Pavel Tichý,PG,18,46,65,generated,440000,380000,2000000
BCL-SPA,Spartak,3,BCL-SPA-Y12,Vít Vlček,SG,19,46,75,generated,440000,380000,2300000
BCL-OLAJ,Szolnok,3,BCL-OLAJ-Y1,Josef Procházka,PG,19,46,72,generated,440000,380000,2200000
BCL-OLAJ,Szolnok,3,BCL-OLAJ-Y6,Václav Kolář,PG,18,46,58,generated,440000,380000,1800000
BCL-LLTF,Tenerife,4,BCL-LLTF-Y6,Ladislav Navrátil,SF,19,46,64,generated,440000,380000,1950000
BCL-TOF,Tofas,4,BCL-TOF-Y4,Hynek Šimek,C,19,46,60,generated,440000,380000,1850000
BCL-TRP,Trapani,3,BCL-TRP-Y8,Cyril Polák,PG,17,46,74,generated,440000,380000,2250000
BCL-TRP,Trapani,3,BCL-TRP-Y7,Dan Svoboda,SF,20,46,72,generated,440000,380000,2200000
BCL-TRP,Trapani,3,BCL-TRP-Y1,Ivan Matoušek,PG,20,46,62,generated,440000,380000,1900000
BCL-TRP,Trapani,3,BCL-TRP-Y11,Pavel Staněk,SG,19,46,75,generated,440000,380000,2300000
BCL-TRP,Trapani,3,BCL-TRP-Y5,Radek Hájek,C,19,46,72,generated,440000,380000,2200000
BCL-TRE,Trepça,2,BCL-TRE-Y9,Martin Klíma,SF,18,46,68,generated,440000,380000,2100000
BCL-TRE,Trepça,2,BCL-TRE-Y7,Štěpán Veselý,PG,20,46,75,generated,440000,380000,2300000
BCL-TRI,Trieste,3,BCL-TRI-Y5,Roman Novotný,C,17,46,69,generated,440000,380000,2100000
BCL-UNI,Unicaja,5,BCL-UNI-Y2,Dan Blažek,PF,20,46,59,generated,440000,380000,1850000
BCL-VEF,VEF,3,BCL-VEF-Y2,Dominik Hájek,SG,18,46,60,generated,440000,380000,1850000
BCL-VEF,VEF,3,BCL-VEF-Y9,Hynek Dvořák,PF,17,46,57,generated,440000,380000,1750000
BCL-VEF,VEF,3,BCL-VEF-Y4,Ondřej Toman,PF,20,46,60,generated,440000,380000,1850000
BCL-VEF,VEF,3,BCL-VEF-Y12,Vladimír Vacek,SF,17,46,73,generated,440000,380000,2250000
BCL-AEK,AEK,5,BCL-AEK-Y2,Richard Klíma,SF,18,45,67,generated,400000,350000,1900000
BCL-ALB,Alba,4,BCL-ALB-Y1,František Horák,SG,20,45,63,generated,400000,350000,1800000
BCL-ALB,Alba,4,BCL-ALB-Y6,Kamil Klíma,SF,20,45,70,generated,400000,350000,2000000
BCL-ALB,Alba,4,BCL-ALB-Y8,Kryštof Sedláček,SG,20,45,61,generated,400000,350000,1750000
BCL-ANT,Antwerp,2,BCL-ANT-Y7,Dan Šulc,SF,18,45,62,generated,400000,350000,1750000
BCL-ANT,Antwerp,2,BCL-ANT-Y2,David Machala,SG,17,45,73,generated,400000,350000,2050000
BCL-ANT,Antwerp,2,BCL-ANT-Y4,Ladislav Vlček,PF,17,45,55,generated,400000,350000,1600000
BCL-BAK,Bakken,2,BCL-BAK-Y3,Tomáš Novotný,SF,18,45,72,generated,400000,350000,2050000
BCL-BEN,Benfica,3,BCL-BEN-Y7,Emil Vlček,SG,20,45,69,generated,400000,350000,1950000
BCL-BEN,Benfica,3,BCL-BEN-Y8,Kamil Hájek,SG,20,45,64,generated,400000,350000,1800000
BCL-BEN,Benfica,3,BCL-BEN-Y4,Petr Doležal,PF,20,45,62,generated,400000,350000,1750000
BCL-BEN,Benfica,3,BCL-BEN-Y6,Richard Sedláček,PG,19,45,61,generated,400000,350000,1750000
BCL-BRA,Braunschweig,2,BCL-BRA-Y10,Jakub Bartoš,SG,17,45,63,generated,400000,350000,1800000
BCL-BRA,Braunschweig,2,BCL-BRA-Y8,Martin Kopecký,SF,19,45,66,generated,400000,350000,1850000
BCL-BRA,Braunschweig,2,BCL-BRA-Y6,Tadeáš Pokorný,SF,19,45,63,generated,400000,350000,1800000
BCL-ELAN,Chalon,4,BCL-ELAN-Y10,Ondřej Urban,C,18,45,57,generated,400000,350000,1650000
BCL-ELAN,Chalon,4,BCL-ELAN-Y5,Petr Matoušek,PF,19,45,58,generated,400000,350000,1650000
BCL-ELAN,Chalon,4,BCL-ELAN-Y4,Štěpán Němec,C,19,45,55,generated,400000,350000,1600000
BCL-CHO,Cholet,3,BCL-CHO-Y9,Šimon Tichý,PG,17,45,66,generated,400000,350000,1850000
BCL-CHO,Cholet,3,BCL-CHO-Y4,Vít Kolář,C,19,45,74,generated,400000,350000,2100000
BCL-CHO,Cholet,3,BCL-CHO-Y7,Vladimír Šulc,SG,19,45,74,generated,400000,350000,2100000
BCL-DEN,Den Bosch,2,BCL-DEN-Y10,Emil Soukup,SG,20,45,69,generated,400000,350000,1950000
BCL-DEN,Den Bosch,2,BCL-DEN-Y4,Ondřej Vlček,PF,18,45,59,generated,400000,350000,1700000
BCL-DEN,Den Bosch,2,BCL-DEN-Y5,Zdeněk Černý,C,19,45,75,generated,400000,350000,2100000
BCL-DER,Derby,2,BCL-DER-Y8,Emil Bláha,SG,20,45,55,generated,400000,350000,1600000
BCL-DER,Derby,2,BCL-DER-Y2,Kamil Bartoš,SG,20,45,73,generated,400000,350000,2050000
BCL-DER,Derby,2,BCL-DER-Y11,Matyáš Říha,SF,20,45,68,generated,400000,350000,1950000
BCL-DER,Derby,2,BCL-DER-Y3,Michal Král,SF,17,45,65,generated,400000,350000,1850000
BCL-DER,Derby,2,BCL-DER-Y5,Radek Staněk,C,17,45,56,generated,400000,350000,1600000
BCL-FAL,Falco,2,BCL-FAL-Y2,Ondřej Machala,SG,18,45,58,generated,400000,350000,1650000
BCL-FAL,Falco,2,BCL-FAL-Y7,Vladimír Čermák,SG,18,45,57,generated,400000,350000,1650000
BCL-FAL,Falco,2,BCL-FAL-Y12,Zdeněk Kratochvíl,PF,20,45,58,generated,400000,350000,1650000
BCL-FRI,Fribourg,2,BCL-FRI-Y2,Dan Kopecký,SG,17,45,65,generated,400000,350000,1850000
BCL-FRI,Fribourg,2,BCL-FRI-Y9,Emil Němec,SF,20,45,69,generated,400000,350000,1950000
BCL-FRI,Fribourg,2,BCL-FRI-Y4,Lukáš Růžička,PF,19,45,58,generated,400000,350000,1650000
BCL-FRI,Fribourg,2,BCL-FRI-Y10,Radek Růžička,SG,17,45,65,generated,400000,350000,1850000
BCL-FRI,Fribourg,2,BCL-FRI-Y5,Šimon Sýkora,C,17,45,60,generated,400000,350000,1700000
BCL-FRI,Fribourg,2,BCL-FRI-Y3,Vojtěch Němec,SF,17,45,56,generated,400000,350000,1600000
BCL-GAL,Galatasaray,3,BCL-GAL-Y8,David Staněk,SF,19,45,57,generated,400000,350000,1650000
BCL-GAL,Galatasaray,3,BCL-GAL-Y11,Jiří Bláha,SG,20,45,62,generated,400000,350000,1750000
BCL-GAL,Galatasaray,3,BCL-GAL-Y2,Matyáš Sedláček,SF,20,45,74,generated,400000,350000,2100000
BCL-GAL,Galatasaray,3,BCL-GAL-Y7,Pavel Holub,PF,20,45,57,generated,400000,350000,1650000
BCL-GAL,Galatasaray,3,BCL-GAL-Y1,Václav Soukup,SG,20,45,58,generated,400000,350000,1650000
BCL-GAL,Galatasaray,3,BCL-GAL-Y3,Zdeněk Šťastný,PF,19,45,73,generated,400000,350000,2050000
BCL-GSM,Gran Canaria,4,BCL-GSM-Y9,Jakub Navrátil,PF,17,45,56,generated,400000,350000,1600000
BCL-GSM,Gran Canaria,4,BCL-GSM-Y5,Radek Machala,PF,17,45,72,generated,400000,350000,2050000
BCL-GSM,Gran Canaria,4,BCL-GSM-Y6,Viktor Zeman,C,18,45,59,generated,400000,350000,1700000
BCL-HEI,Heidelberg,3,BCL-HEI-Y1,Aleš Hájek,SG,17,45,58,generated,400000,350000,1650000
BCL-HEI,Heidelberg,3,BCL-HEI-Y9,Kryštof Vacek,C,18,45,63,generated,400000,350000,1800000
BCL-HEI,Heidelberg,3,BCL-HEI-Y4,Lukáš Procházka,C,17,45,59,generated,400000,350000,1700000
BCL-HEI,Heidelberg,3,BCL-HEI-Y8,Vít Mareš,PF,18,45,56,generated,400000,350000,1600000
BCL-HEI,Heidelberg,3,BCL-HEI-Y7,Zdeněk Čermák,SG,17,45,63,generated,400000,350000,1800000
BCL-HER,Herzliya,3,BCL-HER-Y7,Emil Horák,SG,18,45,73,generated,400000,350000,2050000
BCL-HER,Herzliya,3,BCL-HER-Y6,Petr Kovář,SG,17,45,70,generated,400000,350000,2000000
BCL-HER,Herzliya,3,BCL-HER-Y3,Richard Jelínek,SF,19,45,70,generated,400000,350000,2000000
BCL-HOL,Holon,4,BCL-HOL-Y9,Aleš Růžička,PF,17,45,71,generated,400000,350000,2000000
BCL-HOL,Holon,4,BCL-HOL-Y3,Jan Černý,PF,20,45,72,generated,400000,350000,2050000
BCL-HOL,Holon,4,BCL-HOL-Y4,Petr Procházka,SF,17,45,72,generated,400000,350000,2050000
BCL-HOL,Holon,4,BCL-HOL-Y8,Roman Šťastný,SF,20,45,57,generated,400000,350000,1650000
BCL-HOL,Holon,4,BCL-HOL-Y2,Václav Hájek,SF,18,45,68,generated,400000,350000,1950000
BCL-HOL,Holon,4,BCL-HOL-Y1,Vladimír Dostál,SG,17,45,71,generated,400000,350000,2000000
BCL-IGO,Igokea,3,BCL-IGO-Y12,Jaroslav Hájek,PF,19,45,72,generated,400000,350000,2050000
BCL-JOV,Joventut,3,BCL-JOV-Y2,Adam Toman,SG,18,45,61,generated,400000,350000,1750000
BCL-JOV,Joventut,3,BCL-JOV-Y11,Ladislav Šulc,SG,20,45,73,generated,400000,350000,2050000
BCL-JOV,Joventut,3,BCL-JOV-Y3,Matyáš Soukup,SF,20,45,60,generated,400000,350000,1700000
BCL-JOV,Joventut,3,BCL-JOV-Y5,Matyáš Zeman,C,20,45,62,generated,400000,350000,1750000
BCL-JOV,Joventut,3,BCL-JOV-Y7,Milan Machala,SF,19,45,55,generated,400000,350000,1600000
BCL-JOV,Joventut,3,BCL-JOV-Y10,Patrik Pospíšil,SF,20,45,58,generated,400000,350000,1650000
BCL-JOV,Joventut,3,BCL-JOV-Y4,Vladimír Němec,PF,20,45,65,generated,400000,350000,1850000
BCL-JUV,Juventus,2,BCL-JUV-Y8,Lukáš Malý,PG,18,45,74,generated,400000,350000,2100000
BCL-JUV,Juventus,2,BCL-JUV-Y3,Marek Kučera,SF,19,45,60,generated,400000,350000,1700000
BCL-JUV,Juventus,2,BCL-JUV-Y9,Šimon Černý,SF,19,45,67,generated,400000,350000,1900000
BCL-KAL,Kalev,2,BCL-KAL-Y6,Aleš Polák,PG,19,45,57,generated,400000,350000,1650000
BCL-KAL,Kalev,2,BCL-KAL-Y10,Jaroslav Němec,C,19,45,71,generated,400000,350000,2000000
BCL-KAL,Kalev,2,BCL-KAL-Y4,Karel Pospíšil,PF,18,45,63,generated,400000,350000,1800000
BCL-KAL,Kalev,2,BCL-KAL-Y8,Martin Zeman,PG,20,45,59,generated,400000,350000,1700000
BCL-KARD,Karditsa,3,BCL-KARD-Y7,Adam Šťastný,SF,18,45,57,generated,400000,350000,1650000
BCL-KARD,Karditsa,3,BCL-KARD-Y10,Emil Novák,C,20,45,64,generated,400000,350000,1800000
BCL-KARD,Karditsa,3,BCL-KARD-Y11,František Staněk,SG,19,45,73,generated,400000,350000,2050000
BCL-KARD,Karditsa,3,BCL-KARD-Y2,Kamil Kolář,SF,17,45,64,generated,400000,350000,1800000
BCL-KARD,Karditsa,3,BCL-KARD-Y6,Ladislav Procházka,PF,17,45,72,generated,400000,350000,2050000
BCL-KARD,Karditsa,3,BCL-KARD-Y3,Ladislav Sýkora,PF,17,45,75,generated,400000,350000,2100000
BCL-KARD,Karditsa,3,BCL-KARD-Y5,Matyáš Šulc,SF,20,45,71,generated,400000,350000,2000000
BCL-KUT,Kutaisi,2,BCL-KUT-Y12,Emil Kříž,SF,18,45,66,generated,400000,350000,1850000
BCL-KUT,Kutaisi,2,BCL-KUT-Y10,Matěj Novák,SF,18,45,57,generated,400000,350000,1650000
BCL-LAR,Larnaca,2,BCL-LAR-Y3,David Malý,SF,17,45,64,generated,400000,350000,1800000
BCL-LAR,Larnaca,2,BCL-LAR-Y10,Filip Kopecký,SG,18,45,68,generated,400000,350000,1950000
BCL-LAR,Larnaca,2,BCL-LAR-Y7,Jaroslav Soukup,PG,20,45,69,generated,400000,350000,1950000
BCL-LAR,Larnaca,2,BCL-LAR-Y8,Štěpán Tichý,PF,20,45,67,generated,400000,350000,1900000
BCL-LMS,Le Mans,3,BCL-LMS-Y7,Ivan Konečný,PF,19,45,61,generated,400000,350000,1750000
BCL-LMS,Le Mans,3,BCL-LMS-Y9,Zdeněk Polák,PF,20,45,68,generated,400000,350000,1950000
BCL-LEG,Legia,3,BCL-LEG-Y6,Aleš Kolář,PG,20,45,61,generated,400000,350000,1750000
BCL-LEG,Legia,3,BCL-LEG-Y4,Dušan Novotný,C,18,45,55,generated,400000,350000,1600000
BCL-LEG,Legia,3,BCL-LEG-Y2,Josef Soukup,SF,17,45,56,generated,400000,350000,1600000
BCL-LEG,Legia,3,BCL-LEG-Y3,Milan Blažek,PF,19,45,55,generated,400000,350000,1600000
BCL-LEG,Legia,3,BCL-LEG-Y1,Richard Novák,PG,18,45,64,generated,400000,350000,1800000
BCL-LEV,Levski,2,BCL-LEV-Y10,Štěpán Černý,PF,18,45,68,generated,400000,350000,1950000
BCL-LUB,Lublin,2,BCL-LUB-Y6,Libor Klíma,PF,18,45,75,generated,400000,350000,2100000
BCL-MER,Mersin,3,BCL-MER-Y2,Dan Urban,SG,17,45,73,generated,400000,350000,2050000
BCL-MER,Mersin,3,BCL-MER-Y3,Matěj Jelínek,SF,18,45,71,generated,400000,350000,2000000
BCL-MER,Mersin,3,BCL-MER-Y9,Stanislav Svoboda,SG,17,45,61,generated,400000,350000,1750000
BCL-MSK,MKS,2,BCL-MSK-Y11,Bohumil Malý,PG,20,45,73,generated,400000,350000,2050000
BCL-MSK,MKS,2,BCL-MSK-Y8,Cyril Bláha,SF,17,45,67,generated,400000,350000,1900000
BCL-MSK,MKS,2,BCL-MSK-Y3,David Novák,SF,18,45,69,generated,400000,350000,1950000
BCL-MSK,MKS,2,BCL-MSK-Y6,Roman Soukup,C,17,45,55,generated,400000,350000,1600000
BCL-MSK,MKS,2,BCL-MSK-Y7,Stanislav Růžička,SF,19,45,69,generated,400000,350000,1950000
BCL-MSK,MKS,2,BCL-MSK-Y10,Viktor Holub,SG,18,45,55,generated,400000,350000,1600000
BCL-MSK,MKS,2,BCL-MSK-Y2,Zdeněk Kučera,SG,17,45,73,generated,400000,350000,2050000
BCL-MSB,MSB,4,BCL-MSB-Y3,Dominik Sedláček,SF,17,45,56,generated,400000,350000,1600000
BCL-MSB,MSB,4,BCL-MSB-Y8,Michal Blažek,PG,20,45,69,generated,400000,350000,1950000
BCL-MSB,MSB,4,BCL-MSB-Y7,Zdeněk Musil,C,17,45,64,generated,400000,350000,1800000
BCL-MUR,Murcia,2,BCL-MUR-Y5,Adam Urban,C,19,45,73,generated,400000,350000,2050000
BCL-OOS,Oostende,3,BCL-OOS-Y10,Kamil Dostál,PG,17,45,66,generated,400000,350000,1850000
BCL-OOS,Oostende,3,BCL-OOS-Y8,Zdeněk Pospíšil,SF,17,45,71,generated,400000,350000,2000000
BCL-ORAD,Oradea,2,BCL-ORAD-Y2,Adam Horák,SG,20,45,75,generated,400000,350000,2100000
BCL-ORAD,Oradea,2,BCL-ORAD-Y11,Karel Navrátil,SG,20,45,61,generated,400000,350000,1750000
BCL-ORAD,Oradea,2,BCL-ORAD-Y4,Ondřej Hájek,PF,18,45,71,generated,400000,350000,2000000
BCL-ORAD,Oradea,2,BCL-ORAD-Y1,Petr Staněk,PG,19,45,70,generated,400000,350000,2000000
BCL-PAOK,PAOK,2,BCL-PAOK-Y2,Filip Holub,SG,17,45,70,generated,400000,350000,2000000
BCL-PAOK,PAOK,2,BCL-PAOK-Y10,Ondřej Horák,SG,19,45,63,generated,400000,350000,1800000
BCL-PAOK,PAOK,2,BCL-PAOK-Y3,Radek Štěpánek,SF,19,45,63,generated,400000,350000,1800000
BCL-PORT,Porto,2,BCL-PORT-Y7,Emil Pokorný,PF,17,45,58,generated,400000,350000,1650000
BCL-PORT,Porto,2,BCL-PORT-Y1,Filip Novotný,PG,18,45,68,generated,400000,350000,1950000
BCL-PORT,Porto,2,BCL-PORT-Y11,Roman Štěpánek,SF,18,45,62,generated,400000,350000,1750000
BCL-PRO,Promitheas,3,BCL-PRO-Y5,Václav Blažek,C,19,45,72,generated,400000,350000,2050000
BCL-REG,Reggiana,2,BCL-REG-Y2,Ivan Urban,SG,19,45,73,generated,400000,350000,2050000
BCL-REG,Reggiana,2,BCL-REG-Y3,Milan Kratochvíl,SF,19,45,71,generated,400000,350000,2000000
BCL-REG,Reggiana,2,BCL-REG-Y4,Tadeáš Vacek,PF,18,45,75,generated,400000,350000,2100000
BCL-REG,Reggiana,2,BCL-REG-Y6,Václav Vlček,C,19,45,63,generated,400000,350000,1800000
BCL-REG,Reggiana,2,BCL-REG-Y1,Vojtěch Říha,PG,19,45,56,generated,400000,350000,1600000
BCL-RIL,Rilski,2,BCL-RIL-Y5,Aleš Staněk,C,19,45,62,generated,400000,350000,1750000
BCL-RIL,Rilski,2,BCL-RIL-Y7,Kryštof Hruška,SG,19,45,66,generated,400000,350000,1850000
BCL-RYT,Rytas,5,BCL-RYT-Y3,Stanislav Němec,PF,19,45,61,generated,400000,350000,1750000
BCL-SAB,Sabah,3,BCL-SAB-Y1,David Vacek,PG,20,45,70,generated,400000,350000,2000000
BCL-SAB,Sabah,3,BCL-SAB-Y7,Jiří Polák,PF,18,45,73,generated,400000,350000,2050000
BCL-SAB,Sabah,3,BCL-SAB-Y8,Marek Jelínek,PF,20,45,56,generated,400000,350000,1600000
BCL-SAB,Sabah,3,BCL-SAB-Y10,Martin Beneš,SF,18,45,65,generated,400000,350000,1850000
BCL-SAB,Sabah,3,BCL-SAB-Y6,Martin Bláha,C,18,45,67,generated,400000,350000,1900000
BCL-SAB,Sabah,3,BCL-SAB-Y11,Radek Soukup,C,18,45,67,generated,400000,350000,1900000
BCL-SPA,Spartak,3,BCL-SPA-Y5,Filip Pokorný,C,18,45,61,generated,400000,350000,1750000
BCL-SPA,Spartak,3,BCL-SPA-Y2,Jakub Dostál,SG,17,45,74,generated,400000,350000,2100000
BCL-SPA,Spartak,3,BCL-SPA-Y11,Matyáš Konečný,SF,20,45,56,generated,400000,350000,1600000
BCL-OLAJ,Szolnok,3,BCL-OLAJ-Y4,Jan Bláha,PF,20,45,61,generated,400000,350000,1750000
BCL-OLAJ,Szolnok,3,BCL-OLAJ-Y7,Kamil Bláha,SG,17,45,70,generated,400000,350000,2000000
BCL-OLAJ,Szolnok,3,BCL-OLAJ-Y5,Matyáš Pospíšil,C,17,45,66,generated,400000,350000,1850000
BCL-OLAJ,Szolnok,3,BCL-OLAJ-Y3,Petr Vacek,SF,19,45,68,generated,400000,350000,1950000
BCL-LLTF,Tenerife,4,BCL-LLTF-Y4,Adam Němec,C,18,45,58,generated,400000,350000,1650000
BCL-TOF,Tofas,4,BCL-TOF-Y5,Lukáš Kovář,SF,18,45,68,generated,400000,350000,1950000
BCL-TOF,Tofas,4,BCL-TOF-Y9,Radek Němec,SF,20,45,69,generated,400000,350000,1950000
BCL-TRP,Trapani,3,BCL-TRP-Y12,Ladislav Horák,C,20,45,66,generated,400000,350000,1850000
BCL-TRP,Trapani,3,BCL-TRP-Y10,Marek Vlček,SG,18,45,64,generated,400000,350000,1800000
BCL-TRP,Trapani,3,BCL-TRP-Y2,Viktor Matoušek,SG,19,45,61,generated,400000,350000,1750000
BCL-TRP,Trapani,3,BCL-TRP-Y3,Vladimír Zeman,SF,20,45,64,generated,400000,350000,1800000
BCL-TRE,Trepça,2,BCL-TRE-Y3,Dušan Novák,SF,18,45,64,generated,400000,350000,1800000
BCL-TRE,Trepça,2,BCL-TRE-Y2,Jakub Kučera,SG,20,45,64,generated,400000,350000,1800000
BCL-TRE,Trepça,2,BCL-TRE-Y11,Karel Novotný,SF,19,45,55,generated,400000,350000,1600000
BCL-TRI,Trieste,3,BCL-TRI-Y3,Dan Beneš,SF,18,45,72,generated,400000,350000,2050000
BCL-TRI,Trieste,3,BCL-TRI-Y4,Karel Kučera,PF,20,45,60,generated,400000,350000,1700000
BCL-TRI,Trieste,3,BCL-TRI-Y6,Ladislav Dvořák,PG,17,45,74,generated,400000,350000,2100000
BCL-TRI,Trieste,3,BCL-TRI-Y9,Ondřej Štěpánek,PG,17,45,70,generated,400000,350000,2000000
BCL-TRI,Trieste,3,BCL-TRI-Y11,Tadeáš Hájek,SG,17,45,75,generated,400000,350000,2100000
BCL-TRI,Trieste,3,BCL-TRI-Y8,Václav Procházka,SG,17,45,66,generated,400000,350000,1850000
BCL-TRI,Trieste,3,BCL-TRI-Y7,Viktor Šimek,PF,18,45,67,generated,400000,350000,1900000
BCL-UNI,Unicaja,5,BCL-UNI-Y5,Roman Moravec,PF,17,45,62,generated,400000,350000,1750000
BCL-VEF,VEF,3,BCL-VEF-Y6,Kamil Blažek,PF,17,45,66,generated,400000,350000,1850000
BCL-VEF,VEF,3,BCL-VEF-Y5,Ladislav Bartoš,C,17,45,61,generated,400000,350000,1750000
BCL-VEF,VEF,3,BCL-VEF-Y7,Martin Kovář,PF,20,45,70,generated,400000,350000,2000000
BCL-VEF,VEF,3,BCL-VEF-Y3,Vladimír Štěpánek,SF,20,45,55,generated,400000,350000,1600000
BCL-WUE,Wurzburg,4,BCL-WUE-Y3,Lukáš Šimek,C,18,45,61,generated,400000,350000,1750000
BCL-WUE,Wurzburg,4,BCL-WUE-Y6,Michal Šťastný,C,20,45,75,generated,400000,350000,2100000
BCL-WUE,Wurzburg,4,BCL-WUE-Y9,Patrik Hájek,SF,19,45,73,generated,400000,350000,2050000
BCL-WUE,Wurzburg,4,BCL-WUE-Y1,Richard Procházka,SF,19,45,69,generated,400000,350000,1950000
BCL-WUE,Wurzburg,4,BCL-WUE-Y7,Tomáš Beneš,C,17,45,57,generated,400000,350000,1650000
BCL-AEK,AEK,5,BCL-AEK-Y5,Viktor Doležal,PF,17,44,71,generated,360000,310000,1850000
BCL-AEK,AEK,5,BCL-AEK-Y6,Vladimír Mareš,C,20,44,55,generated,360000,310000,1450000
BCL-ALB,Alba,4,BCL-ALB-Y4,Martin Vacek,C,20,44,68,generated,360000,310000,1750000
BCL-ALB,Alba,4,BCL-ALB-Y5,Matyáš Hájek,PF,18,44,55,generated,360000,310000,1450000
BCL-ANT,Antwerp,2,BCL-ANT-Y10,Adam Machala,C,17,44,74,generated,360000,310000,1900000
BCL-ANT,Antwerp,2,BCL-ANT-Y5,Matěj Kadlec,C,20,44,61,generated,360000,310000,1600000
BCL-BAK,Bakken,2,BCL-BAK-Y4,Miroslav Král,PF,20,44,58,generated,360000,310000,1500000
BCL-BAK,Bakken,2,BCL-BAK-Y7,Patrik Mareš,C,19,44,62,generated,360000,310000,1600000
BCL-BAK,Bakken,2,BCL-BAK-Y10,Pavel Štěpánek,SF,20,44,66,generated,360000,310000,1700000
BCL-BAK,Bakken,2,BCL-BAK-Y6,Roman Hájek,SF,20,44,58,generated,360000,310000,1500000
BCL-BAK,Bakken,2,BCL-BAK-Y2,Vojtěch Mareš,SG,19,44,72,generated,360000,310000,1850000
BCL-BRA,Braunschweig,2,BCL-BRA-Y5,Dan Toman,C,18,44,57,generated,360000,310000,1500000
BCL-BRA,Braunschweig,2,BCL-BRA-Y3,Kryštof Tichý,SF,18,44,69,generated,360000,310000,1800000
BCL-ELAN,Chalon,4,BCL-ELAN-Y9,Dušan Vávra,SG,18,44,74,generated,360000,310000,1900000
BCL-ELAN,Chalon,4,BCL-ELAN-Y3,Libor Veselý,PF,19,44,54,generated,360000,310000,1450000
BCL-ELAN,Chalon,4,BCL-ELAN-Y2,Šimon Růžička,SF,20,44,55,generated,360000,310000,1450000
BCL-CHO,Cholet,3,BCL-CHO-Y6,David Holub,SG,17,44,69,generated,360000,310000,1800000
BCL-DEN,Den Bosch,2,BCL-DEN-Y2,Cyril Štěpánek,SG,19,44,70,generated,360000,310000,1800000
BCL-DER,Derby,2,BCL-DER-Y7,Jakub Klíma,PF,17,44,56,generated,360000,310000,1450000
BCL-FAL,Falco,2,BCL-FAL-Y5,Dominik Mareš,C,19,44,70,generated,360000,310000,1800000
BCL-FAL,Falco,2,BCL-FAL-Y11,Jakub Musil,SF,18,44,70,generated,360000,310000,1800000
BCL-FAL,Falco,2,BCL-FAL-Y9,Martin Musil,PF,20,44,60,generated,360000,310000,1550000
BCL-FRI,Fribourg,2,BCL-FRI-Y8,Richard Kopecký,C,20,44,69,generated,360000,310000,1800000
BCL-FRI,Fribourg,2,BCL-FRI-Y6,Zdeněk Vacek,PF,18,44,63,generated,360000,310000,1650000
BCL-GAL,Galatasaray,3,BCL-GAL-Y4,Aleš Říha,C,17,44,67,generated,360000,310000,1750000
BCL-GAL,Galatasaray,3,BCL-GAL-Y10,Filip Tichý,C,19,44,74,generated,360000,310000,1900000
BCL-GAL,Galatasaray,3,BCL-GAL-Y6,Miroslav Konečný,SF,20,44,56,generated,360000,310000,1450000
BCL-GSM,Gran Canaria,4,BCL-GSM-Y3,Filip Říha,PF,17,44,55,generated,360000,310000,1450000
BCL-GSM,Gran Canaria,4,BCL-GSM-Y8,Hynek Čermák,C,18,44,73,generated,360000,310000,1900000
BCL-HEI,Heidelberg,3,BCL-HEI-Y6,Aleš Pospíšil,SG,20,44,61,generated,360000,310000,1600000
BCL-HEI,Heidelberg,3,BCL-HEI-Y11,Matyáš Marek,PG,20,44,67,generated,360000,310000,1750000
BCL-HEI,Heidelberg,3,BCL-HEI-Y3,Matyáš Štěpánek,PF,19,44,56,generated,360000,310000,1450000
BCL-HER,Herzliya,3,BCL-HER-Y10,Bohumil Toman,SF,19,44,54,generated,360000,310000,1450000
BCL-HER,Herzliya,3,BCL-HER-Y4,Matěj Kříž,PF,19,44,55,generated,360000,310000,1450000
BCL-HOL,Holon,4,BCL-HOL-Y10,Antonín Matoušek,SG,17,44,55,generated,360000,310000,1450000
BCL-HOL,Holon,4,BCL-HOL-Y7,Josef Hájek,C,18,44,62,generated,360000,310000,1600000
BCL-IGO,Igokea,3,BCL-IGO-Y4,Cyril Fiala,PF,20,44,56,generated,360000,310000,1450000
BCL-IGO,Igokea,3,BCL-IGO-Y5,Libor Moravec,C,17,44,54,generated,360000,310000,1450000
BCL-IGO,Igokea,3,BCL-IGO-Y9,Milan Konečný,SF,19,44,61,generated,360000,310000,1600000
BCL-IGO,Igokea,3,BCL-IGO-Y7,Šimon Bartoš,PF,17,44,73,generated,360000,310000,1900000
BCL-JUV,Juventus,2,BCL-JUV-Y4,Matěj Čermák,PF,17,44,54,generated,360000,310000,1450000
BCL-JUV,Juventus,2,BCL-JUV-Y10,Milan Říha,SG,20,44,72,generated,360000,310000,1850000
BCL-JUV,Juventus,2,BCL-JUV-Y5,Radek Procházka,C,19,44,61,generated,360000,310000,1600000
BCL-KAL,Kalev,2,BCL-KAL-Y11,Antonín Malý,C,17,44,70,generated,360000,310000,1800000
BCL-KAL,Kalev,2,BCL-KAL-Y5,Jiří Sedláček,C,17,44,74,generated,360000,310000,1900000
BCL-KARD,Karditsa,3,BCL-KARD-Y8,Zdeněk Konečný,C,17,44,73,generated,360000,310000,1900000
BCL-KUT,Kutaisi,2,BCL-KUT-Y5,Viktor Horák,C,18,44,60,generated,360000,310000,1550000
BCL-LAR,Larnaca,2,BCL-LAR-Y5,Patrik Klíma,C,19,44,61,generated,360000,310000,1600000
BCL-LAR,Larnaca,2,BCL-LAR-Y12,Václav Sedláček,C,18,44,58,generated,360000,310000,1500000
BCL-LMS,Le Mans,3,BCL-LMS-Y5,Dominik Procházka,C,19,44,54,generated,360000,310000,1450000
BCL-LMS,Le Mans,3,BCL-LMS-Y4,Jakub Kolář,PF,17,44,56,generated,360000,310000,1450000
BCL-LMS,Le Mans,3,BCL-LMS-Y11,Jaroslav Veselý,C,18,44,61,generated,360000,310000,1600000
BCL-LMS,Le Mans,3,BCL-LMS-Y12,Libor Hruška,SG,17,44,63,generated,360000,310000,1650000
BCL-LEG,Legia,3,BCL-LEG-Y9,František Bartoš,PF,19,44,72,generated,360000,310000,1850000
BCL-LEG,Legia,3,BCL-LEG-Y11,Ivan Fiala,SF,19,44,57,generated,360000,310000,1500000
BCL-LEG,Legia,3,BCL-LEG-Y10,Vladimír Staněk,C,20,44,67,generated,360000,310000,1750000
BCL-LEV,Levski,2,BCL-LEV-Y12,Cyril Tichý,C,19,44,54,generated,360000,310000,1450000
BCL-LEV,Levski,2,BCL-LEV-Y4,Jaroslav Procházka,PF,18,44,54,generated,360000,310000,1450000
BCL-LEV,Levski,2,BCL-LEV-Y5,Libor Vacek,C,19,44,57,generated,360000,310000,1500000
BCL-LUB,Lublin,2,BCL-LUB-Y10,Jiří Šťastný,SF,18,44,74,generated,360000,310000,1900000
BCL-LUB,Lublin,2,BCL-LUB-Y5,Ondřej Dvořák,C,20,44,57,generated,360000,310000,1500000
BCL-MER,Mersin,3,BCL-MER-Y11,Aleš Tichý,C,17,44,58,generated,360000,310000,1500000
BCL-MER,Mersin,3,BCL-MER-Y5,Cyril Staněk,C,19,44,73,generated,360000,310000,1900000
BCL-MER,Mersin,3,BCL-MER-Y4,Štěpán Sýkora,PF,17,44,72,generated,360000,310000,1850000
BCL-MSK,MKS,2,BCL-MSK-Y12,Stanislav Kovář,C,18,44,69,generated,360000,310000,1800000
BCL-MSK,MKS,2,BCL-MSK-Y4,Vojtěch Svoboda,PF,17,44,57,generated,360000,310000,1500000
BCL-MSB,MSB,4,BCL-MSB-Y5,Jan Holub,C,19,44,65,generated,360000,310000,1700000
BCL-MSB,MSB,4,BCL-MSB-Y9,Matěj Polák,PF,17,44,70,generated,360000,310000,1800000
BCL-MSB,MSB,4,BCL-MSB-Y10,Vít Konečný,SF,18,44,74,generated,360000,310000,1900000
BCL-MSB,MSB,4,BCL-MSB-Y6,Vladimír Navrátil,SF,17,44,58,generated,360000,310000,1500000
BCL-MUR,Murcia,2,BCL-MUR-Y3,Filip Čermák,SF,19,44,59,generated,360000,310000,1550000
BCL-MUR,Murcia,2,BCL-MUR-Y8,Jan Malý,C,18,44,61,generated,360000,310000,1600000
BCL-MUR,Murcia,2,BCL-MUR-Y9,Martin Polák,PF,17,44,73,generated,360000,310000,1900000
BCL-MUR,Murcia,2,BCL-MUR-Y6,Tomáš Svoboda,C,20,44,69,generated,360000,310000,1800000
BCL-MUR,Murcia,2,BCL-MUR-Y11,Václav Svoboda,C,17,44,74,generated,360000,310000,1900000
BCL-OOS,Oostende,3,BCL-OOS-Y11,Dominik Kučera,SF,17,44,72,generated,360000,310000,1850000
BCL-ORAD,Oradea,2,BCL-ORAD-Y7,Patrik Kolář,C,18,44,55,generated,360000,310000,1450000
BCL-ORAD,Oradea,2,BCL-ORAD-Y12,Patrik Soukup,C,20,44,59,generated,360000,310000,1550000
BCL-PAOK,PAOK,2,BCL-PAOK-Y5,Viktor Beneš,C,19,44,55,generated,360000,310000,1450000
BCL-PAOK,PAOK,2,BCL-PAOK-Y4,Vít Klíma,PF,19,44,71,generated,360000,310000,1850000
BCL-PAOK,PAOK,2,BCL-PAOK-Y7,Vít Polák,C,18,44,71,generated,360000,310000,1850000
BCL-PORT,Porto,2,BCL-PORT-Y4,Jan Staněk,PF,18,44,57,generated,360000,310000,1500000
BCL-PORT,Porto,2,BCL-PORT-Y8,Michal Musil,C,18,44,64,generated,360000,310000,1650000
BCL-PRO,Promitheas,3,BCL-PRO-Y10,Dominik Konečný,SF,18,44,56,generated,360000,310000,1450000
BCL-REG,Reggiana,2,BCL-REG-Y11,Marek Bartoš,C,19,44,64,generated,360000,310000,1650000
BCL-REG,Reggiana,2,BCL-REG-Y5,Patrik Urban,C,19,44,55,generated,360000,310000,1450000
BCL-REG,Reggiana,2,BCL-REG-Y12,Šimon Vacek,C,20,44,54,generated,360000,310000,1450000
BCL-RIL,Rilski,2,BCL-RIL-Y11,Jan Mareš,PF,20,44,59,generated,360000,310000,1550000
BCL-RIL,Rilski,2,BCL-RIL-Y4,Stanislav Čermák,PF,20,44,55,generated,360000,310000,1450000
BCL-RYT,Rytas,5,BCL-RYT-Y5,Dušan Vaněk,SF,20,44,59,generated,360000,310000,1550000
BCL-RYT,Rytas,5,BCL-RYT-Y2,Michal Čermák,C,18,44,60,generated,360000,310000,1550000
BCL-RYT,Rytas,5,BCL-RYT-Y6,Zdeněk Staněk,PF,18,44,62,generated,360000,310000,1600000
BCL-SAB,Sabah,3,BCL-SAB-Y5,Aleš Urban,C,17,44,63,generated,360000,310000,1650000
BCL-SAB,Sabah,3,BCL-SAB-Y2,Bohumil Fiala,SG,18,44,60,generated,360000,310000,1550000
BCL-SAB,Sabah,3,BCL-SAB-Y12,Josef Holub,PF,19,44,70,generated,360000,310000,1800000
BCL-SPA,Spartak,3,BCL-SPA-Y8,Jaroslav Doležal,C,17,44,59,generated,360000,310000,1550000
BCL-SPA,Spartak,3,BCL-SPA-Y4,Matěj Procházka,PF,19,44,57,generated,360000,310000,1500000
BCL-SPA,Spartak,3,BCL-SPA-Y9,Patrik Malý,PF,18,44,62,generated,360000,310000,1600000
BCL-OLAJ,Szolnok,3,BCL-OLAJ-Y11,Josef Jelínek,C,18,44,68,generated,360000,310000,1750000
BCL-OLAJ,Szolnok,3,BCL-OLAJ-Y9,Karel Hájek,PF,19,44,70,generated,360000,310000,1800000
BCL-OLAJ,Szolnok,3,BCL-OLAJ-Y10,Libor Čermák,SG,19,44,67,generated,360000,310000,1750000
BCL-OLAJ,Szolnok,3,BCL-OLAJ-Y8,Miroslav Kadlec,C,19,44,72,generated,360000,310000,1850000
BCL-LLTF,Tenerife,4,BCL-LLTF-Y7,Pavel Šimek,SF,20,44,62,generated,360000,310000,1600000
BCL-LLTF,Tenerife,4,BCL-LLTF-Y5,Petr Pokorný,SF,19,44,58,generated,360000,310000,1500000
BCL-LLTF,Tenerife,4,BCL-LLTF-Y8,Štěpán Holub,PF,19,44,55,generated,360000,310000,1450000
BCL-LLTF,Tenerife,4,BCL-LLTF-Y1,Vladimír Doležal,SG,19,44,70,generated,360000,310000,1800000
BCL-TOF,Tofas,4,BCL-TOF-Y2,Matěj Fiala,SF,17,44,62,generated,360000,310000,1600000
BCL-TOF,Tofas,4,BCL-TOF-Y3,Pavel Bláha,C,17,44,56,generated,360000,310000,1450000
BCL-TOF,Tofas,4,BCL-TOF-Y6,Šimon Holub,C,18,44,74,generated,360000,310000,1900000
BCL-TRP,Trapani,3,BCL-TRP-Y4,Kryštof Šulc,PF,18,44,54,generated,360000,310000,1450000
BCL-TRP,Trapani,3,BCL-TRP-Y9,Ondřej Říha,SF,19,44,74,generated,360000,310000,1900000
BCL-TRP,Trapani,3,BCL-TRP-Y6,Tadeáš Bartoš,C,19,44,55,generated,360000,310000,1450000
BCL-TRE,Trepça,2,BCL-TRE-Y5,David Růžička,C,17,44,55,generated,360000,310000,1450000
BCL-TRE,Trepça,2,BCL-TRE-Y12,Jan Sýkora,SF,19,44,63,generated,360000,310000,1650000
BCL-TRE,Trepça,2,BCL-TRE-Y10,Ladislav Černý,C,19,44,62,generated,360000,310000,1600000
BCL-TRE,Trepça,2,BCL-TRE-Y6,Ondřej Konečný,PF,17,44,66,generated,360000,310000,1700000
BCL-TRE,Trepça,2,BCL-TRE-Y8,Václav Hruška,C,19,44,62,generated,360000,310000,1600000
BCL-TRI,Trieste,3,BCL-TRI-Y10,Ondřej Zeman,C,17,44,59,generated,360000,310000,1550000
BCL-TRI,Trieste,3,BCL-TRI-Y12,Roman Sedláček,PF,18,44,67,generated,360000,310000,1750000
BCL-UNI,Unicaja,5,BCL-UNI-Y3,Marek Doležal,SF,18,44,62,generated,360000,310000,1600000
BCL-VEF,VEF,3,BCL-VEF-Y11,Libor Štěpánek,PF,19,44,58,generated,360000,310000,1500000
BCL-VEF,VEF,3,BCL-VEF-Y1,Šimon Novotný,PG,19,44,66,generated,360000,310000,1700000
BCL-VEF,VEF,3,BCL-VEF-Y10,Štěpán Toman,SF,17,44,63,generated,360000,310000,1650000
BCL-WUE,Wurzburg,4,BCL-WUE-Y2,Patrik Kadlec,PF,19,44,56,generated,360000,310000,1450000
BCL-AEK,AEK,5,BCL-AEK-Y4,Matěj Holub,SF,18,43,68,generated,320000,280000,1600000
BCL-ANT,Antwerp,2,BCL-ANT-Y3,Bohumil Kopecký,SF,18,43,58,generated,320000,280000,1350000
BCL-ANT,Antwerp,2,BCL-ANT-Y9,Kryštof Říha,PF,18,43,66,generated,320000,280000,1550000
BCL-BAK,Bakken,2,BCL-BAK-Y5,Matyáš Procházka,C,18,43,57,generated,320000,280000,1350000
BCL-BRA,Braunschweig,2,BCL-BRA-Y9,Vít Šulc,PF,20,43,71,generated,320000,280000,1650000
BCL-CHO,Cholet,3,BCL-CHO-Y1,Adam Kratochvíl,PG,20,43,72,generated,320000,280000,1650000
BCL-CHO,Cholet,3,BCL-CHO-Y11,Jiří Mareš,PF,19,43,53,generated,320000,280000,1250000
BCL-DEN,Den Bosch,2,BCL-DEN-Y8,Jaroslav Fiala,PF,20,43,53,generated,320000,280000,1250000
BCL-DER,Derby,2,BCL-DER-Y4,Antonín Černý,PF,18,43,54,generated,320000,280000,1300000
BCL-FAL,Falco,2,BCL-FAL-Y3,Antonín Kopecký,SF,18,43,55,generated,320000,280000,1300000
BCL-HEI,Heidelberg,3,BCL-HEI-Y10,Jiří Vaněk,C,18,43,67,generated,320000,280000,1550000
BCL-HER,Herzliya,3,BCL-HER-Y9,Hynek Novotný,C,18,43,54,generated,320000,280000,1300000
BCL-HER,Herzliya,3,BCL-HER-Y5,Miroslav Vaněk,C,17,43,70,generated,320000,280000,1650000
BCL-IGO,Igokea,3,BCL-IGO-Y2,Aleš Sýkora,SG,18,43,55,generated,320000,280000,1300000
BCL-IGO,Igokea,3,BCL-IGO-Y3,Jakub Kříž,SF,17,43,57,generated,320000,280000,1350000
BCL-IGO,Igokea,3,BCL-IGO-Y8,Karel Kopecký,PF,17,43,69,generated,320000,280000,1600000
BCL-JUV,Juventus,2,BCL-JUV-Y2,Tadeáš Vlček,SG,20,43,68,generated,320000,280000,1600000
BCL-KAL,Kalev,2,BCL-KAL-Y9,Tomáš Horák,SG,18,43,65,generated,320000,280000,1500000
BCL-KARD,Karditsa,3,BCL-KARD-Y9,Lukáš Kadlec,PF,19,43,61,generated,320000,280000,1450000
BCL-KUT,Kutaisi,2,BCL-KUT-Y9,Petr Šulc,SF,20,43,56,generated,320000,280000,1350000
BCL-LAR,Larnaca,2,BCL-LAR-Y11,Kryštof Svoboda,PF,17,43,54,generated,320000,280000,1300000
BCL-LAR,Larnaca,2,BCL-LAR-Y4,Ladislav Polák,PF,18,43,56,generated,320000,280000,1350000
BCL-LEV,Levski,2,BCL-LEV-Y6,Tadeáš Král,PF,20,43,62,generated,320000,280000,1450000
BCL-LUB,Lublin,2,BCL-LUB-Y11,Antonín Machala,PF,19,43,65,generated,320000,280000,1500000
BCL-LUB,Lublin,2,BCL-LUB-Y4,Richard Marek,PF,20,43,68,generated,320000,280000,1600000
BCL-MER,Mersin,3,BCL-MER-Y1,Pavel Fiala,PG,17,43,63,generated,320000,280000,1500000
BCL-MSK,MKS,2,BCL-MSK-Y5,František Šťastný,C,19,43,60,generated,320000,280000,1400000
BCL-OOS,Oostende,3,BCL-OOS-Y2,Karel Beneš,SF,17,43,53,generated,320000,280000,1250000
BCL-ORAD,Oradea,2,BCL-ORAD-Y8,Kryštof Šťastný,C,17,43,67,generated,320000,280000,1550000
BCL-PAOK,PAOK,2,BCL-PAOK-Y6,Stanislav Bláha,PF,19,43,54,generated,320000,280000,1300000
BCL-PORT,Porto,2,BCL-PORT-Y5,Emil Fiala,C,19,43,65,generated,320000,280000,1500000
BCL-PORT,Porto,2,BCL-PORT-Y9,Tadeáš Kučera,C,17,43,60,generated,320000,280000,1400000
BCL-PRO,Promitheas,3,BCL-PRO-Y6,Dan Staněk,C,19,43,64,generated,320000,280000,1500000
BCL-SPA,Spartak,3,BCL-SPA-Y7,David Hájek,C,19,43,57,generated,320000,280000,1350000
BCL-TOF,Tofas,4,BCL-TOF-Y7,Tomáš Dostál,C,19,43,66,generated,320000,280000,1550000
BCL-TRE,Trepça,2,BCL-TRE-Y4,Milan Vacek,PF,18,43,63,generated,320000,280000,1500000
BCL-UNI,Unicaja,5,BCL-UNI-Y1,Bohumil Pospíšil,C,18,43,70,generated,320000,280000,1650000
BCL-UNI,Unicaja,5,BCL-UNI-Y6,Petr Pospíšil,C,20,43,67,generated,320000,280000,1550000
BCL-UNI,Unicaja,5,BCL-UNI-Y4,Roman Holub,C,20,43,70,generated,320000,280000,1650000
BCL-VEF,VEF,3,BCL-VEF-Y8,Ivan Čermák,C,17,43,59,generated,320000,280000,1400000
BCL-WUE,Wurzburg,4,BCL-WUE-Y4,Kamil Konečný,C,20,43,65,generated,320000,280000,1500000
BCL-ANT,Antwerp,2,BCL-ANT-Y6,Michal Vávra,C,20,42,72,generated,300000,260000,1600000
BCL-DER,Derby,2,BCL-DER-Y9,Štěpán Musil,C,18,42,56,generated,300000,260000,1250000
BCL-GAL,Galatasaray,3,BCL-GAL-Y9,Radek Mareš,C,19,42,54,generated,300000,260000,1250000
BCL-JOV,Joventut,3,BCL-JOV-Y12,Libor Urban,C,17,42,57,generated,300000,260000,1300000
BCL-KARD,Karditsa,3,BCL-KARD-Y4,Šimon Blažek,C,17,42,67,generated,300000,260000,1500000
BCL-LMS,Le Mans,3,BCL-LMS-Y8,Miroslav Šulc,C,17,42,68,generated,300000,260000,1500000
BCL-MER,Mersin,3,BCL-MER-Y10,Radek Toman,C,17,42,57,generated,300000,260000,1300000
BCL-OOS,Oostende,3,BCL-OOS-Y5,Roman Polák,C,18,42,55,generated,300000,260000,1250000
BCL-PORT,Porto,2,BCL-PORT-Y12,Adam Navrátil,C,19,42,58,generated,300000,260000,1300000
BCL-LLTF,Tenerife,4,BCL-LLTF-Y2,Jaroslav Vaněk,SF,20,42,59,generated,300000,260000,1350000
